id,first_name,last_name,age,city,department,salary,hire_date
1,Dominique,Faure,23,Villeurbanne,Procurement,63813.9,2021-05-20
2,Lucas,Gauthier,23,Toulon,IT,65058.95,2017-03-09
3,Lucas,Bertrand,23,Toulon,IT,45828.86,2016-08-03
4,Robert,Bonnet,53,Toulouse,R&D,61082.1,2010-03-31
5,Lucas,Lefebvre,23,Amiens,Sales,62092.54,2015-11-09
6,Valérie,Henry,46,Dunkerque,Customer Service,47021.2,2017-05-19
7,Eric,Clement,44,Angers,IT,58025.32,2023-03-29
8,Julien,Laurent,46,Angers,R&D,63113.86,2024-12-05
9,Julie,Garnier,38,Perpignan,Production,32590.88,2015-12-16
10,Vincent,Mercier,32,Angers,Customer Service,34416.58,2018-10-24
11,Maxime,Bonnet,51,Saint-Étienne,Finance,56861.51,2017-12-04
12,Lucas,Bonnet,54,Nantes,Quality Assurance,60993.62,2021-08-20
13,Caroline,Chevalier,34,Amiens,Legal,25549.26,2019-03-19
14,Robert,Leroy,30,Versailles,HR,45359.13,2021-01-05
15,François,Nicolas,52,Rouen,Engineering,66038.36,2018-10-21
16,Patrick,Chevalier,62,Marseille,R&D,69947.0,2011-02-13
17,Nicole,Clement,54,Rouen,Quality Assurance,39871.01,2010-01-22
18,Caroline,David,32,Toulouse,Operations,62834.4,2018-05-27
19,Isabelle,Michel,61,Lille,Operations,44350.54,2012-12-24
20,Jacques,Lambert,39,Le Mans,Quality Assurance,48462.3,2019-04-01
21,Nicole,Garnier,58,Grenoble,Finance,83469.99,2010-03-20
22,Nathalie,Petit,22,Le Mans,Administration,65107.45,2011-04-12
23,Antoine,Lopez,29,Strasbourg,IT,53386.82,2017-04-20
24,Brigitte,Laurent,44,Annecy,Operations,44473.04,2014-04-27
25,Isabelle,Nicolas,31,Nice,Logistics,62569.38,2012-06-10
26,François,Andre,44,Besançon,Legal,59892.58,2010-02-19
27,Michel,Francois,50,Angers,Sales,71165.08,2011-03-22
28,Patrick,Lefevre,27,Nantes,Finance,47767.35,2016-07-10
29,Nathalie,Rousseau,34,Boulogne-Billancourt,Customer Service,47592.91,2015-09-18
30,Nathalie,Fontaine,29,Villeurbanne,Marketing,25000,2023-01-28
31,Sandrine,Clement,47,Nantes,Finance,34651.42,2021-09-13
32,Claire,Lopez,41,Le Mans,Logistics,46457.09,2014-12-20
33,Patrick,Bernard,58,Amiens,Procurement,55781.57,2016-12-08
34,Isabelle,Bertrand,43,Dunkerque,Quality Assurance,48899.47,2015-07-24
35,François,Perrin,49,Tours,Customer Service,56438.57,2011-07-30
36,Thierry,Bonnet,37,Limoges,Procurement,40232.04,2022-04-09
37,Stéphanie,Bonnet,45,Lyon,Production,38277.83,2013-03-03
38,Véronique,Garcia,64,Perpignan,Sales,25000,2010-10-15
39,Thierry,Martin,23,Poitiers,Marketing,58446.53,2013-03-20
40,Manon,Garcia,30,Le Havre,Administration,74561.14,2010-02-26
41,Nathalie,Fournier,65,Nantes,Marketing,60374.3,2017-10-05
42,Anne,Muller,65,Marseille,Finance,33668.86,2012-07-15
43,Véronique,Dubois,48,Versailles,Business Development,67501.92,2020-08-29
44,Stéphanie,Dumont,22,Montpellier,Legal,57390.73,2010-11-17
45,Mathieu,Andre,54,Grenoble,Operations,30282.33,2013-12-05
46,Nicole,Morin,42,Le Havre,Logistics,48278.42,2021-09-07
47,Isabelle,Bernard,42,Boulogne-Billancourt,IT,25000,2010-04-25
48,Aurélie,Garcia,37,Le Havre,Finance,27535.05,2017-07-31
49,Caroline,Morin,61,Versailles,IT,28926.28,2012-11-01
50,Isabelle,Fontaine,57,Rennes,Legal,49735.14,2015-12-11
51,Marie,Guerin,32,Amiens,Customer Service,58440.79,2023-10-29
52,Christine,Moreau,47,Grenoble,Business Development,58704.22,2022-02-22
53,Monique,Laurent,23,Nice,Legal,83638.12,2022-07-17
54,Caroline,Legrand,32,Toulouse,Marketing,33321.99,2010-09-10
55,Léa,Gauthier,34,Metz,HR,49184.12,2015-09-24
56,Manon,Guerin,38,Strasbourg,R&D,38849.0,2022-01-02
57,Dominique,Richard,41,Toulouse,Legal,52841.81,2011-05-27
58,Robert,Henry,42,Nantes,Administration,46978.43,2013-06-13
59,Sandrine,Petit,26,Angers,R&D,26230.41,2020-04-09
60,Thomas,Robin,29,Avignon,Engineering,63633.87,2022-11-22
61,Véronique,Martinez,59,Poitiers,Customer Service,67655.29,2013-03-20
62,Maxime,Dumont,32,Lyon,Sales,38404.04,2021-06-03
63,Jacques,Martinez,42,Dunkerque,Sales,36176.44,2015-03-22
64,Julien,Vincent,22,Strasbourg,Procurement,50776.36,2015-02-05
65,Stéphanie,Nicolas,56,Strasbourg,HR,45243.73,2016-03-19
66,Alain,Guerin,43,Dunkerque,Engineering,57984.88,2015-02-08
67,Nathalie,Clement,39,Annecy,Sales,62038.06,2018-03-30
68,Christine,Fournier,22,Nîmes,IT,52900.4,2023-09-07
69,Jacques,Dupont,28,Besançon,Sales,58202.71,2022-03-02
70,Sophie,Morin,53,Grenoble,Customer Service,39024.83,2015-09-22
71,Marc,Andre,23,Nantes,R&D,65822.9,2011-08-30
72,Alexandre,Andre,60,Limoges,Operations,40229.96,2017-07-13
73,Stéphanie,Dubois,33,Caen,Sales,25000,2019-11-30
74,Vincent,Bonnet,57,Besançon,Marketing,43773.37,2021-11-11
75,Anne,Simon,50,Metz,Production,76988.87,2016-09-21
76,Nathalie,Dupont,52,Nantes,Business Development,63200.32,2020-12-31
77,Véronique,Rousseau,44,Annecy,Engineering,59605.3,2010-12-28
78,Marc,Francois,59,Villeurbanne,Sales,36580.57,2023-02-01
79,Nathalie,Girard,23,Poitiers,Engineering,38695.68,2015-02-10
80,Marie,Vincent,53,Limoges,Sales,32925.33,2018-07-30
81,Thierry,Bonnet,29,Nîmes,Procurement,55987.41,2012-03-10
82,Claire,Blanc,65,Lyon,Marketing,53265.52,2012-07-02
83,Isabelle,Morin,30,Villeurbanne,Quality Assurance,45477.36,2012-09-20
84,François,Mathieu,48,Angers,HR,54235.19,2020-05-10
85,Léa,Roux,31,Dijon,Customer Service,43812.36,2010-06-07
86,Nathalie,Garnier,57,Toulouse,Operations,38161.14,2017-05-01
87,Jacques,Michel,29,Metz,Administration,36597.72,2021-07-06
88,Catherine,Bertrand,33,Toulon,HR,36617.52,2016-07-01
89,Anne,Blanc,49,Paris,Production,47849.17,2016-02-03
90,Monique,Robert,61,Toulouse,IT,40296.92,2022-07-19
91,Brigitte,Dubois,38,Nice,R&D,36412.95,2010-01-25
92,Laurent,Clement,34,Nancy,Sales,64447.92,2016-07-20
93,Anne,Nicolas,55,Grenoble,R&D,78680.87,2013-12-03
94,Jacques,Faure,58,Dijon,HR,58587.99,2024-05-29
95,François,Henry,45,Angers,Administration,75031.88,2016-08-15
96,Maxime,Garcia,49,Nancy,Operations,62944.65,2020-08-27
97,François,Garnier,38,Aix-en-Provence,Production,58250.66,2021-03-11
98,Michel,Laurent,32,Clermont-Ferrand,Production,45869.19,2010-08-05
99,Thierry,Dupont,62,Amiens,R&D,59062.95,2021-04-15
100,Robert,Dumont,32,Paris,Sales,40509.92,2024-01-27
101,Mathieu,Petit,41,Dijon,Production,75630.94,2022-02-13
102,Thierry,Martin,52,Saint-Étienne,Business Development,43479.82,2021-06-23
103,Thierry,Robin,35,Boulogne-Billancourt,Administration,85883.31,2014-08-19
104,François,Roux,23,Saint-Étienne,Administration,59734.12,2012-01-23
105,Robert,Fournier,32,Le Havre,Engineering,25243.96,2023-06-12
106,Julie,Michel,22,Metz,Operations,41467.42,2016-05-17
107,Pierre,Mathieu,24,Rouen,Administration,52833.56,2023-03-11
108,Alain,Francois,24,Boulogne-Billancourt,Finance,60921.28,2024-12-08
109,Lucas,Muller,26,Lille,Production,57725.08,2010-05-05
110,Jean,Henry,56,Angers,Sales,48822.33,2020-03-07
111,Monique,Fontaine,64,Poitiers,Operations,49561.6,2016-10-11
112,Jean,Mercier,48,Saint-Étienne,R&D,70381.37,2021-10-17
113,Eric,Guerin,62,Le Havre,Quality Assurance,25000,2012-02-03
114,Stéphanie,Garnier,29,Clermont-Ferrand,Legal,29576.06,2021-05-26
115,Lucas,Muller,57,Orléans,Engineering,55654.07,2021-07-06
116,Laurent,Michel,49,Boulogne-Billancourt,Legal,54985.26,2016-09-10
117,Nicolas,Bernard,37,Toulon,Administration,43073.85,2012-05-23
118,Bernard,Dumont,35,Avignon,HR,50328.32,2013-04-27
119,Jacques,Leroy,53,Paris,Quality Assurance,61661.38,2021-10-30
120,Marc,Vincent,45,Villeurbanne,Customer Service,32930.15,2017-02-03
121,Manon,Lambert,51,Versailles,Quality Assurance,30810.21,2015-11-25
122,Aurélie,Clement,23,Perpignan,Business Development,63621.95,2012-08-26
123,Léa,Richard,44,Metz,Quality Assurance,45259.9,2016-12-30
124,Laurent,Gauthier,44,Dunkerque,Marketing,46518.54,2022-08-03
125,Robert,Lambert,49,Montpellier,Administration,43266.75,2014-09-10
126,Anne,Dupont,41,Bordeaux,Finance,51266.08,2022-05-17
127,Christine,Garnier,54,Nantes,Logistics,40738.84,2017-01-16
128,Emma,Mercier,40,Annecy,Finance,52239.69,2014-07-07
129,Laurent,Nicolas,43,Paris,R&D,58324.43,2021-04-26
130,Nicolas,Martin,55,Le Mans,Marketing,70119.5,2017-12-08
131,Julie,Petit,31,Lyon,Marketing,57605.78,2015-10-20
132,Michel,Bertrand,26,Dunkerque,Customer Service,71636.32,2016-08-17
133,Emma,Girard,42,Avignon,R&D,25000,2013-09-29
134,Sylvie,Bernard,43,Angers,Operations,36753.65,2020-05-23
135,Philippe,Moreau,60,Le Havre,Legal,47870.41,2011-04-23
136,Michel,Muller,25,Versailles,Business Development,26579.42,2018-04-19
137,Thierry,Dupont,48,Perpignan,Production,50002.66,2010-09-22
138,Lucas,Robert,33,Aix-en-Provence,Customer Service,34355.79,2017-06-04
139,Sophie,Chevalier,53,Besançon,Engineering,50504.98,2015-06-02
140,Thierry,Martin,65,Le Havre,R&D,50295.02,2014-06-26
141,Philippe,Michel,24,Toulouse,Finance,49435.71,2023-07-18
142,Marie,Vincent,49,Reims,Marketing,49029.82,2016-11-08
143,Stéphanie,Dumont,53,Metz,Production,73128.29,2011-08-17
144,Eric,Blanc,58,Nantes,Logistics,55475.08,2016-12-06
145,Alexandre,Francois,25,Nancy,Logistics,33294.05,2012-03-20
146,Antoine,Michel,55,Poitiers,Legal,70232.75,2015-07-02
147,Véronique,Dupont,56,Dunkerque,Logistics,37030.48,2010-02-02
148,Jean,Durand,49,Caen,R&D,28958.94,2010-09-16
149,Christine,Garcia,29,Toulouse,Logistics,49023.59,2022-01-31
150,Emma,Perrin,25,Clermont-Ferrand,Logistics,38058.26,2020-12-18
151,Valérie,Legrand,25,Toulon,Marketing,79090.59,2013-01-09
152,Martine,Dupont,42,Brest,Finance,54539.95,2020-12-05
153,Alexandre,Girard,56,Lyon,Logistics,69195.46,2016-05-02
154,Nicolas,Bertrand,60,Metz,Operations,51711.71,2021-06-27
155,Thomas,Michel,59,Toulouse,Marketing,45892.45,2024-05-28
156,Laurent,Mercier,49,Tours,Operations,69121.11,2022-09-17
157,Jean,Muller,53,Nancy,Administration,64638.75,2018-12-01
158,Brigitte,Mercier,22,Marseille,Business Development,48585.1,2023-04-08
159,Brigitte,Chevalier,64,Reims,Customer Service,49620.73,2015-03-22
160,Anne,Richard,60,Poitiers,Legal,26663.87,2024-08-06
161,Sophie,Guerin,41,Perpignan,Sales,50657.11,2010-06-01
162,Stéphanie,Lopez,29,Dijon,Sales,39105.14,2023-01-31
163,Thomas,Francois,38,Metz,IT,30332.64,2011-02-20
164,Marie,Lambert,49,Le Mans,Finance,54678.97,2016-03-28
165,Nicolas,Thomas,57,Metz,Engineering,56788.33,2018-09-03
166,Julie,Fontaine,53,Toulouse,Production,58919.36,2012-03-22
167,Mathieu,Morin,50,Nancy,IT,77089.49,2010-02-07
168,Sophie,Lefevre,46,Villeurbanne,Sales,42837.7,2022-02-07
169,Marie,Lopez,40,Angers,Sales,61730.15,2023-12-28
170,Françoise,Mercier,41,Poitiers,Marketing,51550.6,2014-01-25
171,Anne,Muller,25,Caen,Procurement,44889.43,2020-10-16
172,Pierre,Robin,54,Strasbourg,IT,53852.43,2017-02-21
173,Sandrine,Mercier,24,Paris,Legal,56461.85,2017-02-11
174,Antoine,Bertrand,62,Montpellier,Procurement,44431.75,2021-01-03
175,Lucas,Chevalier,51,Grenoble,Legal,64936.86,2013-02-26
176,Eric,Muller,53,Metz,Finance,32993.85,2016-08-17
177,Nicolas,Perrin,27,Dijon,Business Development,60783.02,2021-11-19
178,Martine,Clement,41,Besançon,Finance,45781.83,2024-06-30
179,François,Lefebvre,60,Nantes,Administration,56545.78,2011-04-09
180,Christine,Michel,37,Perpignan,IT,51555.41,2014-11-08
181,Dominique,Moreau,25,Angers,Sales,55553.37,2020-11-27
182,Sophie,Lopez,50,Nancy,Engineering,52874.54,2016-09-28
183,Martine,Simon,57,Tours,Customer Service,79473.28,2016-06-10
184,Nicole,Michel,63,Caen,Business Development,52530.53,2019-05-24
185,Caroline,Bernard,61,Dijon,Sales,61870.77,2013-04-29
186,Anne,Lopez,44,Saint-Étienne,HR,40990.44,2024-01-17
187,Antoine,Thomas,62,Dunkerque,Quality Assurance,50984.86,2024-09-24
188,Philippe,Andre,46,Lyon,Sales,32921.98,2019-10-01
189,Monique,Francois,29,Avignon,Production,68422.6,2023-04-19
190,Sylvie,Andre,29,Bordeaux,IT,66742.95,2021-01-17
191,Stéphanie,Laurent,45,Nice,Production,62785.23,2018-07-22
192,Marc,Henry,37,Boulogne-Billancourt,R&D,47775.96,2024-12-03
193,Anne,Guerin,63,Avignon,Production,35076.18,2011-04-12
194,Thomas,Nicolas,42,Montpellier,Marketing,54299.19,2011-02-14
195,Mathieu,Petit,24,Nantes,Business Development,52235.17,2018-06-17
196,Alain,Richard,64,Le Havre,Finance,43223.68,2010-12-15
197,Catherine,Blanc,52,Caen,R&D,67689.01,2015-09-29
198,Julien,Perrin,28,Tours,Legal,61053.47,2013-01-31
199,Anne,Bonnet,43,Perpignan,Procurement,40207.26,2013-01-14
200,Martine,Clement,27,Le Mans,Production,59134.34,2019-02-08
201,Antoine,Petit,64,Caen,Business Development,39220.08,2012-12-08
202,Eric,Thomas,55,Le Mans,Procurement,52110.94,2015-07-10
203,Brigitte,Robin,64,Paris,Quality Assurance,56328.13,2020-10-26
204,Julie,Garnier,30,Grenoble,HR,51313.36,2022-11-03
205,Christine,Martin,38,Nice,Engineering,25000,2012-07-16
206,Thomas,Gauthier,39,Nice,Marketing,50449.26,2013-09-13
207,Philippe,Nicolas,50,Saint-Étienne,Legal,35140.19,2021-11-10
208,Vincent,Simon,32,Tours,Customer Service,25000,2017-12-18
209,Pierre,Bernard,37,Toulon,HR,58278.75,2011-09-19
210,Stéphanie,Bonnet,26,Montpellier,Engineering,38399.31,2012-08-22
211,Jacques,Mercier,23,Toulon,Quality Assurance,62959.29,2020-07-15
212,Christine,Bernard,32,Saint-Étienne,Sales,25748.23,2010-11-19
213,Julien,Fontaine,56,Versailles,R&D,52018.15,2015-01-24
214,Nathalie,Richard,43,Perpignan,Finance,35480.15,2017-01-17
215,François,Michel,32,Nîmes,Logistics,70544.1,2022-08-08
216,Philippe,Roux,39,Rouen,HR,48625.0,2024-04-13
217,Catherine,Lefebvre,40,Versailles,Marketing,56036.68,2016-09-13
218,Claire,Simon,59,Limoges,Sales,60670.3,2012-08-25
219,Christine,Francois,57,Perpignan,HR,61363.14,2018-08-06
220,Sophie,Clement,27,Nice,Marketing,25000,2017-04-30
221,Claire,Richard,40,Rouen,Customer Service,43630.34,2023-01-20
222,Manon,Fournier,56,Amiens,Customer Service,41256.6,2022-10-03
223,Sylvie,Lopez,59,Le Havre,Customer Service,25374.27,2019-03-27
224,Sylvie,Leroy,29,Strasbourg,Administration,45356.37,2020-06-16
225,Mathieu,Lefevre,42,Avignon,Procurement,45397.24,2022-06-30
226,Bernard,Durand,54,Montpellier,Business Development,31031.73,2016-08-31
227,Michel,Thomas,39,Rouen,Legal,41663.11,2014-12-04
228,Valérie,Mercier,47,Boulogne-Billancourt,Administration,71606.68,2021-07-23
229,Lucas,Morel,37,Toulouse,Engineering,63167.19,2024-12-23
230,Christine,Richard,38,Villeurbanne,HR,45905.17,2011-01-26
231,Nathalie,Henry,56,Le Havre,Quality Assurance,69341.3,2015-04-05
232,Sophie,Fournier,64,Dijon,Production,49819.66,2015-03-08
233,Françoise,Michel,61,Angers,Administration,48720.5,2019-10-20
234,Stéphanie,Leroy,44,Strasbourg,Customer Service,44588.19,2020-01-09
235,Pierre,Michel,61,Paris,Engineering,62781.79,2012-02-05
236,Isabelle,Nicolas,63,Amiens,Finance,29856.9,2022-07-06
237,Véronique,Michel,45,Lyon,Sales,44191.1,2021-09-20
238,Sophie,Lopez,57,Nantes,Legal,49780.38,2022-11-21
239,Nicolas,Mathieu,30,Le Mans,Business Development,44674.64,2016-03-25
240,Thierry,Guerin,47,Limoges,Operations,49552.3,2014-06-10
241,Léa,Lopez,56,Amiens,Business Development,63719.49,2019-04-22
242,Nicolas,Lambert,28,Lille,Business Development,61375.55,2012-02-02
243,Nicole,Roux,61,Tours,IT,58001.86,2013-06-26
244,Aurélie,Girard,27,Marseille,Quality Assurance,45797.17,2021-11-16
245,Véronique,Nicolas,44,Bordeaux,Engineering,67858.48,2014-05-12
246,Martine,Gauthier,52,Toulon,Finance,59963.53,2019-04-18
247,Thierry,Garcia,50,Saint-Étienne,Business Development,38029.35,2011-07-13
248,Lucas,Richard,51,Angers,Customer Service,62452.93,2022-07-23
249,Maxime,Blanc,47,Lyon,Operations,44553.31,2016-12-25
250,Michel,Bernard,48,Clermont-Ferrand,Quality Assurance,28943.03,2018-03-29
251,François,Gauthier,56,Caen,Legal,54204.63,2024-03-17
252,Michel,Laurent,54,Bordeaux,Procurement,66171.49,2024-09-03
253,Stéphanie,Francois,34,Lille,R&D,47786.58,2020-04-01
254,Caroline,Chevalier,22,Lyon,Procurement,60404.35,2021-01-15
255,Daniel,Faure,64,Marseille,Business Development,52751.12,2010-07-09
256,François,Chevalier,28,Saint-Étienne,R&D,54327.31,2021-02-03
257,Laurent,Fournier,45,Montpellier,HR,43989.62,2014-07-24
258,Maxime,Morel,44,Strasbourg,R&D,59101.48,2016-06-01
259,Nicolas,Girard,62,Limoges,Business Development,52754.31,2018-08-19
260,Nicolas,Morin,36,Tours,Procurement,51126.97,2024-11-04
261,Patrick,Bonnet,47,Amiens,Procurement,33299.62,2014-10-11
262,Vincent,Faure,63,Paris,HR,46010.55,2011-12-11
263,Mathieu,Henry,22,Tours,Logistics,39060.34,2022-07-17
264,Patrick,Vincent,39,Tours,Administration,42052.66,2015-09-13
265,Monique,Thomas,43,Limoges,Operations,46857.92,2022-09-07
266,Maxime,Mercier,56,Montpellier,Customer Service,70467.88,2018-07-06
267,Brigitte,Chevalier,57,Lyon,Engineering,48927.87,2020-10-30
268,Claire,Gauthier,62,Toulouse,Marketing,54872.67,2018-03-23
269,Vincent,Simon,56,Tours,Logistics,43087.75,2018-08-21
270,Maxime,Garcia,27,Dunkerque,Sales,27951.67,2020-12-31
271,Catherine,Vincent,50,Clermont-Ferrand,Engineering,29619.16,2014-12-03
272,Michel,Legrand,33,Le Havre,Sales,41060.4,2017-03-28
273,Brigitte,Lopez,39,Caen,Customer Service,39125.69,2013-03-12
274,Sophie,Legrand,29,Dijon,Customer Service,25041.61,2021-02-18
275,Daniel,Mathieu,52,Tours,Marketing,25000,2013-07-21
276,Vincent,Durand,29,Perpignan,Sales,25000,2013-02-03
277,Stéphanie,Lefebvre,24,Clermont-Ferrand,Business Development,43049.67,2019-04-07
278,Brigitte,Clement,62,Rennes,Marketing,52197.73,2021-10-13
279,Brigitte,Andre,32,Marseille,Customer Service,47200.24,2014-03-22
280,Alexandre,Perrin,25,Lille,Administration,44310.2,2023-03-16
281,Antoine,Richard,27,Lyon,Engineering,85089.49,2011-03-30
282,Julien,Robert,22,Besançon,Legal,81822.81,2023-09-27
283,Caroline,Leroy,56,Marseille,Logistics,40821.9,2023-05-07
284,Julie,Garnier,55,Paris,Procurement,54665.94,2023-11-04
285,Marie,Andre,58,Nantes,IT,65247.32,2023-11-04
286,Manon,Bonnet,65,Lille,Administration,56384.29,2022-11-03
287,Claire,Martin,65,Versailles,Production,32174.96,2024-01-07
288,Sandrine,Garcia,64,Rouen,HR,25000,2018-07-17
289,Claude,Morin,28,Annecy,Business Development,60853.58,2012-12-03
290,Anne,Andre,52,Dunkerque,Administration,82754.64,2011-09-06
291,Nathalie,Richard,37,Reims,Marketing,27069.09,2016-10-06
292,Caroline,Mercier,36,Nîmes,R&D,35683.09,2022-01-05
293,Manon,Lefevre,35,Tours,IT,39694.92,2013-09-03
294,Julie,Clement,55,Besançon,HR,50316.82,2013-02-17
295,Thierry,Simon,28,Reims,HR,65793.68,2017-07-27
296,Thomas,Lambert,41,Perpignan,R&D,44295.87,2021-06-12
297,Marc,Roussel,53,Rennes,HR,61832.0,2011-02-19
298,Thierry,Garnier,63,Perpignan,Logistics,59497.72,2020-08-09
299,Daniel,Garcia,37,Grenoble,IT,93731.63,2011-07-24
300,Julien,Thomas,51,Metz,Production,51725.33,2014-04-21
301,Catherine,Henry,49,Metz,Legal,50457.34,2013-02-20
302,Véronique,Dupont,30,Grenoble,HR,73015.14,2016-10-05
303,Julie,Chevalier,64,Bordeaux,HR,25651.65,2020-05-02
304,Nicolas,Roussel,65,Toulouse,Engineering,66643.68,2014-10-27
305,Patrick,Andre,49,Le Mans,Business Development,77744.48,2020-04-10
306,Monique,Michel,32,Dunkerque,Business Development,44306.32,2011-07-03
307,Mathieu,Muller,54,Lille,Finance,62217.66,2024-05-29
308,Mathieu,Perrin,42,Perpignan,IT,48271.02,2018-05-24
309,Dominique,Michel,29,Reims,Quality Assurance,43437.88,2023-05-28
310,Claude,Lambert,37,Paris,Customer Service,68984.37,2021-11-12
311,Thierry,Lopez,29,Angers,Operations,25000,2021-05-03
312,Christine,David,34,Orléans,Operations,74021.71,2018-12-04
313,Thomas,Garcia,35,Le Mans,Finance,35748.97,2022-12-13
314,Thierry,Garcia,44,Strasbourg,R&D,78349.22,2015-07-16
315,Marie,Thomas,58,Dunkerque,Customer Service,35572.21,2012-10-17
316,Brigitte,Bernard,36,Dijon,HR,64980.8,2012-03-13
317,Laurent,Lefebvre,46,Saint-Étienne,Administration,51795.73,2014-12-08
318,Martine,Fontaine,64,Lyon,Customer Service,25000,2011-11-11
319,Isabelle,Morin,48,Clermont-Ferrand,Operations,57662.3,2022-03-27
320,Jean,Lefevre,32,Reims,R&D,61643.83,2012-12-22
321,Catherine,Mercier,26,Toulouse,Marketing,73907.07,2017-11-05
322,François,Fournier,59,Clermont-Ferrand,HR,46083.84,2010-04-08
323,Patrick,Roussel,22,Clermont-Ferrand,Finance,65858.01,2020-02-09
324,Léa,Chevalier,47,Perpignan,Marketing,79897.12,2016-09-26
325,Dominique,Dubois,26,Aix-en-Provence,Marketing,25000,2013-11-24
326,Alain,Lopez,25,Marseille,Business Development,57660.78,2019-12-28
327,Christine,Clement,62,Saint-Étienne,IT,47387.6,2019-01-19
328,Marie,Legrand,60,Rennes,Customer Service,50753.73,2015-10-03
329,Pierre,Fontaine,34,Lille,Logistics,54791.42,2019-05-14
330,Nicole,Moreau,34,Villeurbanne,Production,37442.48,2012-09-23
331,Mathieu,Vincent,59,Boulogne-Billancourt,IT,52582.76,2016-07-07
332,Caroline,Dupont,31,Paris,Finance,80459.4,2019-06-27
333,Maxime,Martin,65,Grenoble,Logistics,41851.54,2010-06-16
334,Caroline,Dupont,60,Versailles,Logistics,49761.97,2024-09-26
335,Emma,Martinez,34,Paris,Quality Assurance,38573.29,2013-01-25
336,Eric,Bertrand,28,Perpignan,Administration,28802.59,2024-03-11
337,Marc,Rousseau,57,Avignon,Marketing,63650.77,2024-09-17
338,Manon,Martinez,54,Avignon,Production,51450.72,2013-07-15
339,Laurent,Roussel,63,Grenoble,Sales,61519.05,2015-01-14
340,Maxime,Nicolas,40,Grenoble,Sales,45798.11,2018-07-16
341,Stéphanie,Chevalier,43,Lille,Production,33704.35,2020-11-23
342,Aurélie,Clement,41,Lille,Legal,56840.6,2011-06-20
343,François,Roussel,40,Nîmes,Logistics,27891.94,2014-11-07
344,Manon,Leroy,28,Boulogne-Billancourt,Procurement,25000,2024-04-23
345,Brigitte,Fontaine,61,Grenoble,Engineering,48601.16,2021-09-12
346,Bernard,David,29,Marseille,Finance,62562.5,2019-07-21
347,Caroline,Bonnet,50,Besançon,Quality Assurance,44056.61,2014-06-17
348,Caroline,Dubois,34,Boulogne-Billancourt,Engineering,67243.11,2016-12-25
349,Dominique,Clement,55,Limoges,Engineering,58983.68,2018-12-24
350,Bernard,Nicolas,42,Lyon,HR,53917.4,2021-07-23
351,Michel,Robin,51,Limoges,Production,43660.24,2016-03-01
352,Vincent,Thomas,39,Toulouse,Sales,58908.85,2010-10-15
353,Stéphanie,Dumont,57,Toulouse,Operations,62567.51,2018-03-07
354,Nathalie,Garcia,33,Rennes,Quality Assurance,66209.95,2023-12-11
355,Julien,Moreau,62,Nîmes,Business Development,56914.23,2016-10-09
356,Valérie,Gauthier,37,Annecy,HR,75027.28,2017-01-06
357,Sophie,Bertrand,65,Villeurbanne,Sales,64487.75,2011-11-09
358,Nicolas,Thomas,22,Le Mans,Administration,58163.07,2015-11-18
359,Stéphanie,Rousseau,36,Nancy,Engineering,32251.42,2020-12-18
360,Françoise,Fournier,53,Perpignan,Production,70112.96,2012-07-25
361,Julien,Blanc,30,Perpignan,Procurement,74164.48,2018-08-25
362,Nathalie,Mathieu,51,Villeurbanne,Quality Assurance,61005.27,2021-02-07
363,Claude,Faure,45,Paris,IT,53955.39,2021-04-20
364,Alain,Garnier,41,Angers,Quality Assurance,58295.6,2017-01-09
365,Claire,Andre,60,Strasbourg,Quality Assurance,47442.64,2013-09-01
366,Julie,Nicolas,38,Nancy,Quality Assurance,63564.4,2017-08-04
367,Julie,Lefevre,26,Amiens,Production,56465.88,2021-07-07
368,Lucas,David,57,Lille,IT,64609.62,2012-07-09
369,Jean,Gauthier,49,Brest,Quality Assurance,57216.8,2020-05-10
370,Marie,Henry,36,Toulouse,Procurement,44395.41,2020-08-03
371,Thierry,Thomas,61,Nice,Customer Service,44355.04,2010-05-27
372,Thierry,David,50,Paris,HR,58935.51,2011-07-16
373,Jacques,Simon,57,Besançon,Business Development,63457.06,2019-09-24
374,Daniel,Morel,54,Nice,Production,59231.62,2023-02-03
375,Dominique,Robert,25,Marseille,Administration,52086.68,2019-05-05
376,Stéphanie,Dupont,61,Montpellier,Finance,54180.01,2023-10-10
377,Caroline,Garnier,49,Tours,Administration,31899.55,2011-11-03
378,Christine,Muller,40,Tours,Operations,59690.78,2012-06-26
379,Sandrine,Roussel,53,Dunkerque,Marketing,40169.45,2021-04-30
380,Thierry,Fontaine,63,Dijon,Quality Assurance,68776.89,2013-12-10
381,François,Girard,56,Nancy,R&D,43423.68,2012-03-15
382,Caroline,Henry,62,Metz,Sales,50820.18,2018-03-13
383,Isabelle,Thomas,49,Marseille,Marketing,55104.51,2011-08-19
384,Patrick,Fournier,26,Besançon,Finance,25000,2019-07-29
385,Valérie,Faure,46,Dijon,Production,56869.6,2010-04-16
386,Nicolas,David,46,Paris,Engineering,59497.51,2011-06-12
387,Christine,Girard,43,Nîmes,Business Development,44662.95,2017-05-04
388,Philippe,Roux,34,Montpellier,Procurement,53374.97,2011-08-20
389,Véronique,Robin,44,Amiens,Customer Service,31713.81,2014-08-27
390,Marc,Nicolas,46,Grenoble,Marketing,40942.53,2019-06-27
391,Catherine,Thomas,59,Lille,Logistics,25000,2013-09-06
392,Nicolas,Michel,40,Toulouse,Operations,25000,2011-11-11
393,Laurent,Leroy,29,Brest,Operations,51976.72,2019-05-05
394,Michel,Bertrand,52,Strasbourg,Logistics,35657.26,2013-01-05
395,Jean,Fournier,46,Perpignan,Quality Assurance,62535.03,2023-04-13
396,Aurélie,Michel,27,Dunkerque,Business Development,72182.35,2021-04-22
397,Julien,Andre,62,Le Mans,Business Development,29506.48,2010-10-10
398,Antoine,Martinez,59,Le Havre,Quality Assurance,46970.13,2011-11-09
399,Anne,Mercier,62,Poitiers,Legal,25000,2018-11-29
400,Patrick,David,49,Lyon,Administration,35097.75,2024-11-02
401,Sophie,Morel,47,Amiens,R&D,46355.54,2014-11-15
402,Sophie,Nicolas,47,Avignon,Finance,39540.63,2011-03-08
403,Laurent,Martinez,34,Le Havre,Finance,46995.03,2011-04-20
404,Monique,Durand,44,Toulon,Production,44542.03,2024-07-19
405,Laurent,David,38,Nîmes,Legal,29505.1,2020-08-18
406,Bernard,Andre,28,Poitiers,Operations,64422.17,2019-05-25
407,Marc,Guerin,28,Grenoble,Production,55449.32,2018-01-05
408,Léa,Michel,53,Bordeaux,Marketing,81631.82,2012-10-23
409,Isabelle,Clement,25,Villeurbanne,HR,66118.51,2024-08-14
410,Maxime,Morel,30,Avignon,Legal,55021.03,2011-10-25
411,Philippe,Mathieu,40,Le Mans,HR,54683.0,2017-12-20
412,Catherine,Girard,65,Caen,Production,51685.12,2020-08-10
413,Marc,Roux,35,Caen,Procurement,55713.66,2021-01-19
414,Laurent,Morin,42,Orléans,Operations,71453.47,2011-08-11
415,Maxime,Robert,40,Nantes,Logistics,47657.2,2017-11-25
416,Anne,Roux,44,Besançon,Operations,52894.09,2012-02-28
417,Claire,Morel,59,Montpellier,Administration,59478.9,2015-12-17
418,Véronique,Girard,25,Strasbourg,Logistics,40983.21,2019-02-26
419,Dominique,Dubois,22,Clermont-Ferrand,Quality Assurance,59827.37,2015-04-10
420,Marc,Fontaine,23,Tours,IT,55844.07,2020-04-08
421,Sylvie,Leroy,40,Caen,Sales,47795.29,2015-05-17
422,Emma,Mathieu,44,Strasbourg,HR,38453.97,2013-06-09
423,Sophie,Roux,60,Clermont-Ferrand,Administration,65601.57,2013-04-17
424,Christine,Morel,51,Marseille,Quality Assurance,50079.4,2019-04-14
425,Aurélie,Simon,55,Boulogne-Billancourt,Sales,65679.23,2022-03-22
426,Jean,Gauthier,28,Montpellier,Production,40875.01,2023-01-06
427,Sylvie,Morin,37,Caen,Production,55483.97,2024-09-25
428,Sylvie,Mercier,46,Boulogne-Billancourt,Business Development,41761.56,2020-10-24
429,Sophie,Martin,32,Saint-Étienne,Quality Assurance,54089.66,2020-02-10
430,Daniel,Simon,58,Nancy,Logistics,69846.4,2012-04-11
431,Caroline,Girard,52,Amiens,HR,55489.0,2011-09-12
432,Antoine,Richard,41,Toulon,Marketing,49673.8,2018-10-06
433,Laurent,Fontaine,28,Toulon,Administration,67022.45,2011-07-25
434,Caroline,Laurent,47,Toulouse,Administration,64903.04,2023-11-03
435,Isabelle,Bonnet,54,Annecy,Procurement,47423.1,2014-01-07
436,Maxime,Bernard,60,Toulon,Engineering,63369.33,2024-11-19
437,Vincent,Martinez,36,Lille,Administration,43151.19,2015-03-04
438,Nicole,Michel,35,Versailles,Logistics,48841.94,2016-10-17
439,Daniel,Garcia,54,Versailles,Engineering,25197.71,2011-06-25
440,Daniel,Leroy,49,Grenoble,Administration,71579.37,2023-05-30
441,Valérie,Nicolas,28,Marseille,Logistics,45295.61,2019-04-09
442,Laurent,Clement,56,Orléans,Engineering,53412.16,2016-01-13
443,Véronique,Lefebvre,54,Saint-Étienne,Legal,39929.6,2016-06-30
444,Julie,Martin,43,Nantes,Engineering,42624.07,2014-12-13
445,Bernard,Thomas,25,Le Mans,Quality Assurance,39737.96,2015-10-27
446,Daniel,Martin,23,Villeurbanne,IT,44143.09,2012-10-31
447,Eric,Gauthier,37,Avignon,R&D,63153.7,2012-01-23
448,Léa,Dubois,28,Clermont-Ferrand,R&D,57419.68,2010-05-05
449,Martine,David,43,Clermont-Ferrand,Finance,50379.73,2023-12-02
450,Jacques,Lefebvre,34,Orléans,Sales,35911.38,2016-11-28
451,Françoise,Lambert,52,Toulon,R&D,64135.03,2013-03-26
452,Sylvie,Martinez,26,Angers,Legal,47462.09,2024-02-03
453,Marie,Vincent,31,Besançon,Business Development,47917.15,2023-10-02
454,Valérie,Martin,65,Lyon,Logistics,58177.84,2023-06-04
455,Robert,Chevalier,39,Rouen,Sales,53010.47,2018-02-11
456,Pierre,Martin,39,Aix-en-Provence,Business Development,59219.22,2017-01-24
457,Claire,Guerin,37,Villeurbanne,Administration,39593.24,2015-07-23
458,Thomas,Roux,32,Toulon,Engineering,40801.76,2020-03-29
459,Nicolas,Martin,29,Perpignan,IT,79168.32,2013-08-23
460,Thomas,Gauthier,30,Brest,HR,55457.41,2021-09-06
461,Emma,Fontaine,58,Caen,R&D,56696.16,2015-12-10
462,Catherine,Richard,61,Orléans,Business Development,85025.03,2019-05-22
463,Marie,Mercier,49,Nancy,Customer Service,36941.6,2023-07-08
464,Sandrine,Francois,58,Dunkerque,Administration,25000,2022-07-14
465,Sandrine,Leroy,24,Le Havre,Engineering,69675.01,2016-06-01
466,Marc,Vincent,23,Bordeaux,Quality Assurance,46333.01,2021-08-11
467,Marie,Legrand,46,Angers,Legal,75585.9,2018-07-13
468,Isabelle,Morel,41,Nice,Operations,49725.49,2010-04-30
469,Sylvie,Bernard,30,Villeurbanne,Logistics,35480.44,2020-04-17
470,Isabelle,Petit,42,Lille,Engineering,31478.13,2023-08-24
471,Antoine,Fontaine,22,Annecy,HR,52117.75,2011-03-15
472,Marie,Martinez,23,Lyon,Logistics,33149.16,2017-02-16
473,Isabelle,Simon,45,Tours,Operations,51412.11,2018-12-02
474,Catherine,Morel,51,Le Havre,Customer Service,49873.96,2024-07-07
475,Caroline,Leroy,27,Dunkerque,Procurement,43518.9,2012-04-14
476,Julien,Durand,45,Tours,Business Development,31088.03,2012-11-03
477,Stéphanie,Fontaine,22,Le Mans,IT,47459.97,2012-02-05
478,Philippe,Francois,48,Caen,Procurement,36090.66,2017-11-29
479,Michel,Dubois,22,Marseille,Operations,38269.69,2022-01-23
480,Léa,Martin,64,Rennes,Administration,50175.65,2015-10-19
481,Catherine,Simon,43,Annecy,Quality Assurance,43566.91,2011-03-17
482,Christine,Lefevre,25,Besançon,Customer Service,49143.66,2010-05-24
483,Thomas,Gauthier,41,Brest,IT,55915.02,2020-03-05
484,Julien,Michel,33,Brest,HR,53645.34,2014-12-29
485,Maxime,Rousseau,27,Metz,Finance,51897.83,2012-06-23
486,Sophie,Morin,40,Clermont-Ferrand,HR,55999.9,2018-09-15
487,Bernard,Fournier,61,Poitiers,Finance,25359.04,2024-02-08
488,Aurélie,Dupont,31,Nice,Logistics,50514.59,2016-11-24
489,Valérie,Morin,48,Metz,Quality Assurance,49414.99,2012-09-16
490,Dominique,Mathieu,34,Clermont-Ferrand,HR,43057.48,2013-08-25
491,Alexandre,Faure,36,Toulouse,Production,33506.11,2019-08-13
492,Nicole,Rousseau,44,Rouen,Sales,66008.79,2018-12-25
493,Philippe,Legrand,38,Annecy,Production,35285.83,2012-09-30
494,Marc,Dupont,55,Bordeaux,Sales,68993.0,2015-11-29
495,Patrick,Michel,58,Reims,HR,47539.37,2015-07-27
496,Patrick,Guerin,55,Amiens,Administration,59593.82,2015-03-22
497,Antoine,Dumont,25,Caen,Marketing,58629.14,2018-10-25
498,Pierre,Perrin,59,Limoges,Administration,46015.9,2024-09-08
499,Aurélie,Morel,50,Villeurbanne,HR,60573.15,2018-11-26
500,Mathieu,Martin,39,Nantes,HR,77371.73,2019-07-26
